Company,Inches,Memory,OpSys,Price_euros,height,width,Clock,Weight_in_kg
HP,15.6,4,No OS,393.9,768,1366,2.5,1.86
Asus,15.6,4,Windows 10,344.0,1080,1920,1.1,2.0
HP,15.6,6,Windows 10,764.0,768,1366,2.5,2.19
Dell,15.6,16,Windows 10,1099.0,2160,3840,2.6,2.72
Razer,12.5,16,Windows 10,1799.0,2160,3840,2.5,1.29
Dell,14.0,8,Windows 10,1279.73,1080,1920,2.6,1.64
Google,12.3,8,Chrome OS,1559.0,1600,2400,1.2,1.1
LG,15.6,8,Windows 10,2299.0,1080,1920,1.8,1.09
Dell,13.3,8,Windows 10,869.01,1080,1920,1.8,1.62
MSI,17.3,16,Windows 10,2415.0,1080,1920,2.8,2.9
Asus,17.3,64,Windows 10,3975.0,1080,1920,2.7,3.58
HP,14.0,8,Windows 10,988.0,1080,1920,1.8,1.63
Acer,13.3,4,Windows 10,655.0,768,1366,2.3,1.6
Dell,12.5,8,Windows 7,1413.1,768,1366,2.3,1.5
Dell,17.3,16,Windows 10,2699.0,1080,1920,2.8,4.42
Dell,15.6,4,Windows 7,769.15,768,1366,2.3,2.24
Apple,12.0,8,Mac OS X,1279.0,1440,2304,1.2,0.92
Dell,15.6,8,Windows 10,1049.0,1080,1920,1.8,1.56
Asus,15.6,8,Windows 10,1655.0,1080,1920,2.8,2.3
Lenovo,13.3,16,Windows 10,1499.0,1800,3200,2.5,1.3
Asus,14.0,8,Windows 10,1094.0,1080,1920,2.7,2.0
Asus,14.0,8,Windows 10,945.0,1080,1920,2.5,2.0
Asus,15.6,8,Windows 10,590.0,1080,1920,2.5,2.3
Dell,15.6,8,Windows 10,789.81,1080,1920,2.5,2.18
Lenovo,13.3,4,Windows 10,735.0,1080,1920,2.4,1.44
Dell,15.6,8,Linux,599.9,1080,1920,2.7,2.2
Lenovo,15.6,12,Windows 10,609.0,768,1366,1.8,2.2
Lenovo,17.3,16,Windows 10,2749.99,1080,1920,2.7,4.6
Acer,11.6,4,Windows 10,435.0,768,1366,1.6,1.4
Asus,17.3,8,Windows 10,1695.0,1080,1920,3.2,3.2
Lenovo,14.0,4,Windows 10,629.0,1080,1920,2.4,1.74
Lenovo,12.5,8,Windows 10,1429.0,1080,1920,2.5,1.36
Dell,15.6,16,Windows 10,989.99,1080,1920,2.7,2.32
HP,13.3,16,Windows 10,2449.0,2160,3840,1.8,1.29
HP,15.6,4,Windows 10,469.0,1080,1920,2.0,1.86
Lenovo,17.3,4,Windows 10,379.0,900,1600,2.2,2.8
Asus,15.6,16,Windows 10,1899.0,1080,1920,2.8,2.1
HP,14.0,8,Windows 7,1513.0,1080,1920,2.3,1.43
Lenovo,15.6,8,Windows 10,2090.0,1080,1920,2.9,2.67
HP,13.3,8,Windows 10,1349.0,1080,1920,2.7,1.11
MSI,15.6,16,Windows 10,2099.0,1080,1920,2.8,2.8
HP,15.6,8,Windows 10,579.0,768,1366,2.5,1.91
Asus,17.3,16,Windows 10,2350.0,1080,1920,2.6,4.3
HP,15.6,4,Windows 7,940.0,1080,1920,2.3,2.31
Dell,13.3,8,Windows 10,659.0,1080,1920,1.6,1.55
Dell,15.6,4,Linux,869.0,768,1366,2.6,1.93
Acer,14.0,4,Windows 10,329.0,1080,1920,1.1,1.6
Dell,17.3,32,Windows 10,3149.0,1080,1920,2.8,4.42
Lenovo,15.6,8,Windows 10,813.0,1080,1920,2.5,1.9
HP,14.0,8,Windows 10,1185.43,1080,1920,2.7,1.64
HP,15.6,16,Windows 10,1159.0,1080,1920,1.8,2.1
MSI,14.0,16,Windows 10,1769.0,1080,1920,2.6,1.7
Lenovo,15.6,8,Windows 10,739.0,1080,1920,1.6,2.05
Dell,17.3,8,Linux,865.0,1080,1920,2.7,2.83
MSI,17.3,8,Windows 10,1409.0,1080,1920,2.8,2.7
HP,12.5,4,Windows 10,1539.0,1080,1920,2.5,1.26
LG,15.6,16,Windows 10,2099.0,1080,1920,2.7,1.08
Asus,15.6,16,Windows 10,1449.0,1080,1920,2.8,2.2
Lenovo,15.6,16,Windows 7,1855.0,1080,1920,2.5,2.18
Asus,15.6,16,Windows 10,2449.0,1080,1920,2.8,2.2
Asus,17.3,16,Windows 10,2299.0,1080,1920,2.6,4.3
Dell,15.6,4,Windows 10,585.0,1080,1920,2.5,2.3
Lenovo,14.0,8,Windows 10,1686.64,1440,2560,2.5,1.17
Toshiba,14.0,4,Windows 10,1105.0,1080,1920,2.3,1.47
Acer,15.6,2,Chrome OS,199.0,768,1366,1.5,2.19
Acer,15.6,12,Windows 10,659.0,1080,1920,2.7,2.15
HP,15.6,8,Windows 7,2171.72,1080,1920,2.5,1.88
Apple,11.6,4,Mac OS X,959.0,768,1366,1.6,1.08
Lenovo,15.6,4,Windows 10,799.0,1080,1920,2.7,2.2
Asus,13.3,8,Windows 10,1499.0,1080,1920,1.8,1.1
Asus,15.6,8,Windows 10,1049.9,1080,1920,2.7,1.7
Asus,14.0,16,Windows 10,1900.0,1080,1920,2.7,1.1
Asus,15.6,4,Linux,415.0,1080,1920,2.0,2.0
Lenovo,15.6,8,Windows 10,1011.99,1080,1920,2.5,2.3
Lenovo,12.5,16,Windows 10,1650.0,1080,1920,2.5,1.3
HP,17.3,12,Windows 10,1799.0,1080,1920,2.8,2.62
MSI,15.6,8,Windows 10,1199.0,1080,1920,2.5,2.4
Dell,15.6,16,Windows 10,1181.27,1080,1920,2.7,2.3
Lenovo,15.6,8,Windows 10,1925.0,1080,1920,2.8,2.67
Lenovo,15.6,4,Windows 10,449.0,1080,1920,2.0,1.85
Lenovo,14.0,24,Windows 10,2382.0,1440,2560,2.7,1.32
Dell,15.6,4,Linux,598.9,1080,1920,2.5,2.3
HP,15.6,4,Windows 10,397.0,1080,1920,2.0,1.86
Dell,17.3,32,Windows 10,3072.89,1080,1920,2.8,4.42
Acer,13.3,8,Windows 10,789.01,1080,1920,2.5,1.6
Lenovo,15.6,8,Windows 10,819.0,1080,1920,2.5,2.4
MSI,15.6,8,Windows 10,1199.0,1080,1920,2.8,2.2
Asus,15.6,4,Windows 10,369.0,768,1366,1.6,2.2
Asus,15.6,8,Windows 10,749.0,1080,1920,2.5,2.37
HP,12.5,8,Windows 10,1335.0,1080,1920,2.7,1.26
Dell,17.3,16,Windows 10,2505.02,1080,1920,2.8,4.36
Vero,13.3,4,Windows 10,196.0,1080,1920,1.44,1.35
Dell,14.0,8,Windows 10,1119.0,1080,1920,2.5,1.6
Lenovo,15.6,4,Windows 10,399.0,1080,1920,2.5,2.2
HP,17.3,8,Windows 10,928.0,1080,1920,1.6,2.5
Dell,13.3,4,Windows 10,649.0,1080,1920,2.4,1.71
Lenovo,13.9,8,Windows 10,1349.0,1080,1920,2.7,1.38
HP,17.3,6,Windows 10,699.0,1080,1920,2.5,2.71
HP,17.3,8,Windows 10,544.15,900,1600,2.0,2.65
Dell,17.3,8,Windows 10,1142.0,1080,1920,1.8,2.8
Mediacom,14.0,2,Windows 10,239.0,1080,1920,1.44,1.4
MSI,17.3,16,Windows 10,1599.0,1080,1920,2.8,2.7
HP,13.3,8,Windows 10,1090.0,1080,1920,2.7,1.49
Lenovo,15.6,4,Windows 10,999.0,1080,1920,2.8,2.4
Asus,14.0,8,Windows 10,1334.0,1080,1920,2.7,2.0
Dell,15.6,8,Windows 10,970.9,1080,1920,1.8,2.02
Lenovo,15.6,4,No OS,499.0,1080,1920,2.5,2.2
HP,17.3,8,Windows 10,489.0,900,1600,2.0,2.54
Dell,13.3,4,Windows 10,818.35,1080,1920,1.6,1.4
Samsung,11.6,4,Chrome OS,269.0,768,1366,1.6,1.15
Lenovo,14.0,8,Windows 10,1116.02,1080,1920,1.6,1.75
Acer,15.6,4,Windows 10,691.0,1080,1920,2.5,2.23
Lenovo,17.3,4,No OS,529.0,1080,1920,2.0,2.8
MSI,15.6,16,Windows 10,2299.0,2160,3840,2.8,1.8
HP,13.3,4,Windows 10,699.0,1080,1920,2.5,1.32
Asus,15.6,8,Windows 10,909.0,1080,1920,2.6,2.591
HP,12.5,8,Windows 10,1908.0,1080,1920,1.2,0.97
Dell,17.3,16,Windows 10,2456.34,1080,1920,2.8,4.42
HP,13.3,8,Windows 10,2559.0,1080,1920,2.8,1.28
Toshiba,15.6,8,Windows 10,812.0,768,1366,2.5,2.2
HP,15.6,8,Windows 10,902.0,768,1366,1.8,2.1
Dell,15.6,8,Linux,778.87,1080,1920,2.7,2.33
Lenovo,14.0,4,Windows 10,292.0,768,1366,1.1,1.44
HP,17.3,8,Windows 10,1280.0,1080,1920,2.7,2.63
Microsoft,13.5,8,Windows 10 S,1799.0,1504,2256,2.5,1.25
Lenovo,13.3,8,Windows 10,1034.0,1080,1920,2.5,1.3
Asus,15.6,8,Windows 10,1224.0,1080,1920,2.7,2.0
Toshiba,15.6,8,Windows 10,1258.0,1080,1920,2.5,2.0
Razer,14.0,16,Windows 10,2899.0,1080,1920,2.8,1.95
Dell,17.3,32,Windows 10,3659.4,2160,3840,2.8,4.36
Lenovo,15.6,8,Windows 10,788.49,1080,1920,2.3,2.5
Lenovo,15.6,8,Windows 10,1962.99,1080,1920,2.5,1.95
Asus,15.6,4,Linux,559.0,1080,1920,2.5,2.0
Dell,15.6,8,Windows 10,1008.52,768,1366,2.6,1.9
Asus,14.0,8,Windows 10,1135.0,1080,1920,2.5,1.1
HP,15.6,6,Windows 10,568.9,1080,1920,2.5,1.91
Acer,17.3,8,Windows 10,629.0,900,1600,2.0,3.3
Asus,12.5,8,Chrome OS,1159.0,1080,1920,1.2,1.2
Lenovo,14.0,8,Windows 10,2590.0,1440,2560,2.7,1.42
Lenovo,17.3,4,Windows 10,589.0,900,1600,2.5,2.79
Lenovo,15.6,16,Windows 10,2445.0,2160,3840,2.8,2.3
Lenovo,15.6,16,Windows 10,3299.0,2160,3840,2.8,2.5
HP,15.6,8,Windows 10,1228.99,1080,1920,2.5,1.84
Asus,13.3,8,Windows 10,729.0,1080,1920,0.9,1.2
HP,15.6,8,Windows 10,879.0,1080,1920,1.6,2.1
Chuwi,15.6,4,Windows 10,244.99,1080,1920,1.44,1.89
Asus,17.3,8,No OS,889.0,1080,1920,2.7,2.69
HP,14.0,4,Windows 7,1099.99,1080,1920,2.3,1.54
Toshiba,13.3,8,Windows 10,1475.0,1080,1920,2.5,1.05
Lenovo,15.6,4,No OS,252.36,768,1366,1.1,1.9
Lenovo,13.3,8,Windows 10,999.0,1080,1920,2.5,1.1
Lenovo,14.0,8,Windows 7,1199.0,1080,1920,2.3,1.7
Dell,15.6,16,Windows 10,1329.0,2160,3840,2.6,3.21
Acer,15.6,8,Windows 10,1260.0,1080,1920,2.8,2.7
HP,15.6,4,Windows 10,297.0,768,1366,1.8,1.86
Lenovo,15.6,8,Windows 10,899.0,1080,1920,2.6,2.6
Toshiba,15.6,4,Windows 10,498.0,768,1366,2.1,2.1
Apple,15.4,16,macOS,2537.45,1800,2880,2.7,1.83
Dell,13.3,8,Windows 10,1379.0,1800,3200,2.4,1.23
Acer,13.3,8,Windows 10,999.0,1080,1920,1.6,1.6
Asus,15.6,4,Windows 10,435.0,768,1366,2.4,2.0
Lenovo,14.0,2,Windows 10,229.0,768,1366,1.6,1.5
HP,15.6,4,Windows 10,685.0,1080,1920,2.4,2.04
Samsung,15.0,16,Windows 10,1849.0,1080,1920,2.7,1.23
Lenovo,11.6,4,Windows 10,553.0,768,1366,1.1,1.59
HP,15.6,6,Windows 10,649.0,1080,1920,3.0,1.95
Dell,15.6,16,Windows 10,2338.0,1080,1920,2.7,2.17
Asus,11.6,2,Windows 10,275.0,768,1366,1.1,1.1
HP,15.6,4,Windows 10,705.15,768,1366,2.3,2.31
Acer,11.6,4,Windows 10,485.0,768,1366,1.6,1.4
Asus,17.3,8,Windows 10,1168.0,1080,1920,2.8,3.0
Asus,14.0,4,Windows 10,298.0,1080,1920,1.1,1.5
Acer,15.6,4,Windows 10,400.0,768,1366,3.0,2.1
HP,15.6,8,Windows 10,719.0,1080,1920,2.7,1.91
Dell,17.3,16,Windows 10,2799.0,1440,2560,2.9,4.42
Acer,15.6,4,Linux,289.0,768,1366,1.6,2.4
Dell,15.6,8,Windows 10,1763.0,1080,1920,2.8,2.06
HP,15.6,4,No OS,476.99,768,1366,2.3,2.1
Acer,15.6,16,Windows 10,1299.0,1080,1920,2.5,2.5
Asus,15.6,8,Linux,597.0,1080,1920,2.4,2.3
Dell,15.6,4,Linux,324.0,768,1366,1.6,2.2
Dell,13.3,8,Windows 10,2013.1,1800,3200,1.3,1.24
Asus,17.3,8,Windows 10,1770.0,1080,1920,2.5,2.73
Dell,13.3,4,Windows 10,849.0,768,1366,2.0,1.65
Asus,15.6,8,Windows 10,769.0,1080,1920,2.5,2.0
Dell,15.6,8,Windows 10,675.0,1080,1920,1.6,2.2
Toshiba,13.3,8,Windows 7,1460.0,1080,1920,2.3,1.2
Dell,12.5,8,Windows 10,1472.2,1080,1920,2.5,1.36
Acer,15.6,4,Linux,272.0,768,1366,2.0,2.1
HP,15.6,4,Windows 10,438.69,768,1366,2.0,1.86
Dell,13.3,8,Windows 10,1499.0,1080,1920,2.5,1.29
HP,14.0,4,Windows 10,229.0,768,1366,1.6,1.44
Dell,15.6,16,Windows 10,1349.0,1080,1920,2.8,2.6
Asus,17.3,16,Windows 10,1407.0,1080,1920,2.8,2.9
Apple,15.4,16,macOS,2439.97,1800,2880,2.8,1.83
Dell,12.5,8,Windows 10,1670.0,1080,1920,2.5,1.34
Lenovo,13.3,8,Windows 10,1950.0,1080,1920,2.7,1.37
Asus,15.6,16,Windows 10,1468.0,1080,1920,2.7,1.63
Acer,15.6,8,Linux,798.0,1080,1920,2.5,2.4
HP,14.0,4,Windows 10,1265.0,1080,1920,2.5,1.95
HP,15.6,8,Windows 10,679.0,1080,1920,2.5,1.96
Lenovo,15.6,8,No OS,329.0,768,1366,1.6,2.2
Lenovo,15.6,6,Windows 10,831.0,1080,1920,2.7,1.54
Acer,14.0,4,Windows 10,636.0,1080,1920,2.4,1.8
HP,14.0,8,Windows 7,2198.19,1440,2560,2.5,1.54
Toshiba,15.6,8,Windows 10,1388.0,1080,1920,2.7,2.0
Dell,15.6,4,Windows 10,776.0,1080,1920,1.6,2.2
HP,12.5,8,Windows 7,1199.0,1080,1920,2.3,1.26
Lenovo,17.3,8,No OS,539.0,900,1600,2.5,2.8
Dell,15.6,4,Windows 10,586.6,768,1366,2.4,2.18
Dell,15.6,8,Windows 10,955.0,1080,1920,2.5,2.06
HP,12.5,8,Windows 7,1895.0,768,1366,2.4,1.26
Lenovo,14.0,16,Windows 10,2499.0,1440,2560,2.6,1.36
Xiaomi,15.6,16,No OS,1399.95,1080,1920,1.8,1.95
Lenovo,17.3,6,Windows 10,719.0,900,1600,2.5,2.8
Asus,15.6,4,Windows 10,575.0,1080,1920,2.5,2.2
Dell,13.3,8,Windows 10,1199.0,1080,1920,2.5,1.6
MSI,17.3,8,Windows 10,1348.48,1080,1920,2.8,2.7
HP,15.6,8,No OS,575.0,1080,1920,2.5,1.86
Apple,15.4,16,Mac OS X,2139.97,1800,2880,2.2,2.04
Asus,15.6,12,Windows 10,1099.0,1080,1920,2.7,2.26
Dell,13.3,16,Windows 10,2499.0,2160,3840,1.8,1.21
Asus,17.3,8,Windows 10,1312.49,1080,1920,2.6,3.52
Acer,15.6,8,Windows 10,579.0,768,1366,2.5,2.2
Dell,11.6,4,Chrome OS,295.0,768,1366,1.6,1.26
Lenovo,14.0,8,Windows 10,857.07,1080,1920,2.5,1.87
Toshiba,13.3,8,Windows 10,1210.0,768,1366,2.3,1.5
Dell,13.3,8,Windows 10,931.88,1080,1920,1.8,1.4
Lenovo,14.0,4,Windows 10,638.0,1080,1920,2.5,1.8
Acer,15.6,8,Linux,709.0,1080,1920,2.5,2.4
Dell,15.6,8,Windows 10,800.0,1080,1920,1.6,2.2
HP,15.6,4,Windows 10,839.0,1080,1920,2.5,2.04
Asus,17.3,16,Windows 10,1900.0,1080,1920,2.6,4.0
Dell,15.6,8,Windows 10,945.0,1080,1920,2.5,1.9
Dell,15.6,16,Windows 10,1219.24,1080,1920,1.8,2.2
HP,14.0,8,Windows 10,2089.0,1080,1920,2.7,1.48
Dell,13.3,16,Windows 10,1899.0,1800,3200,1.3,1.22
Lenovo,15.6,8,Windows 10,830.0,1080,1920,2.5,2.3
Lenovo,15.6,4,Windows 10,429.0,768,1366,2.0,2.1
Dell,15.6,16,Windows 10,1479.0,1080,1920,2.8,2.62
Toshiba,15.6,16,Windows 10,1403.0,1080,1920,2.5,2.4
MSI,15.6,8,Windows 10,1142.8,1080,1920,2.8,2.4
Lenovo,14.0,8,Windows 7,1499.0,1080,1920,2.6,1.7
HP,15.6,8,Windows 10,445.9,768,1366,2.5,1.91
Asus,17.3,8,Windows 10,1187.0,1080,1920,2.8,3.0
Dell,15.6,4,Windows 10,418.64,768,1366,2.0,2.3
Dell,15.6,8,Windows 10,1049.0,1080,1920,1.6,1.9
Dell,15.6,2,Windows 10,379.0,768,1366,1.6,2.2
Asus,17.3,8,Windows 10,1299.0,1080,1920,3.0,3.2
HP,14.0,8,Windows 10,980.0,1080,1920,2.5,1.95
Lenovo,15.6,4,Windows 10,414.9,1080,1920,2.0,1.85
Lenovo,15.6,16,Windows 10,999.0,1080,1920,2.1,2.5
Dell,15.6,8,Windows 10,767.8,1080,1920,1.8,2.13
HP,15.6,8,Windows 10,1389.0,1080,1920,2.7,1.84
Lenovo,15.6,8,No OS,549.0,1080,1920,2.5,2.2
Acer,15.6,6,Windows 10,479.0,1080,1920,2.4,2.1
Lenovo,15.6,4,Windows 10,419.0,768,1366,1.1,2.2
Lenovo,15.6,4,Windows 10,630.0,1080,1920,2.7,2.05
Dell,15.6,8,Windows 10,870.0,1080,1920,1.8,2.2
Lenovo,13.3,8,Windows 10,2025.0,1080,1920,2.7,1.37
Apple,13.3,8,macOS,1419.0,1600,2560,2.0,1.37
Lenovo,12.5,8,Windows 10,1650.0,1080,1920,2.7,1.36
HP,15.6,4,Windows 10,689.0,768,1366,2.0,1.63
Dell,14.0,8,Windows 10,1229.0,1080,1920,2.4,1.56
Samsung,15.0,8,Windows 10,1699.0,1080,1920,2.7,1.17
Acer,11.6,4,Chrome OS,355.0,768,1366,1.6,1.35
Asus,15.6,4,Windows 10,304.0,768,1366,1.1,2.0
Dell,12.5,4,Windows 7,1135.15,768,1366,2.3,1.5
Lenovo,10.1,4,Android,549.0,1200,1920,1.44,0.69
Dell,15.6,8,Windows 10,1820.0,1080,1920,2.8,2.0
Dell,17.3,16,Windows 10,1299.0,1080,1920,1.8,2.8
HP,13.3,16,Windows 10,1197.0,1080,1920,1.8,1.49
Asus,15.6,8,Windows 10,1649.0,1080,1920,2.5,2.3
Dell,13.3,8,Windows 10,839.0,1080,1920,1.8,1.62
Lenovo,17.3,6,Windows 10,859.0,900,1600,2.7,2.8
Dell,14.0,8,Windows 10,1427.0,1080,1920,2.6,1.36
Asus,17.3,16,Windows 10,1504.0,1080,1920,2.8,3.0
Lenovo,14.0,8,Windows 7,1465.0,1080,1920,2.3,1.65
HP,15.6,16,Windows 10,2419.0,1080,1920,2.8,2.6
Lenovo,13.9,16,Windows 10,1849.0,2160,3840,1.8,1.4
Asus,15.6,16,Windows 10,1262.0,1080,1920,1.8,1.5
HP,15.6,6,Windows 10,579.0,768,1366,2.7,2.04
Toshiba,14.0,4,Windows 10,915.0,768,1366,2.3,1.75
Dell,15.6,16,Windows 10,3055.0,2160,3840,3.0,2.8
HP,14.0,4,Windows 7,1030.99,1080,1920,2.3,1.54
Acer,14.0,8,Windows 10,1149.0,1080,1920,1.3,1.2
HP,15.6,4,Windows 10,705.5,1080,1920,2.4,2.1
Apple,12.0,8,Mac OS X,1163.0,1440,2304,1.1,0.92
MSI,15.6,8,Windows 10,997.9,1080,1920,2.5,2.2
Lenovo,12.5,8,Windows 10,1584.0,1080,1920,2.7,1.36
Mediacom,14.0,4,Windows 10,249.0,1080,1920,1.44,1.4
Toshiba,15.6,8,Windows 10,793.0,768,1366,2.5,2.0
Asus,17.3,8,Windows 10,938.0,1080,1920,2.5,3.0
Asus,14.0,4,Windows 10,769.0,1080,1920,2.4,2.0
Dell,15.6,8,Windows 10,1096.16,1080,1920,1.6,1.88
Asus,17.3,4,Windows 10,530.0,900,1600,1.6,2.8
Dell,14.0,4,Windows 10,735.87,1080,1920,2.0,1.6
Asus,17.3,8,Windows 10,1599.0,1080,1920,2.8,2.7
Dell,15.6,8,Windows 10,1262.0,1080,1920,1.8,2.16
MSI,15.6,16,Windows 10,1799.0,1080,1920,2.8,2.4
HP,13.3,4,Windows 10,675.0,1080,1920,1.6,1.49
Toshiba,15.6,8,Windows 10,1043.0,1080,1920,2.5,2.2
Dell,15.6,8,Windows 10,935.0,1080,1920,2.6,1.9
HP,17.3,8,Windows 10,1860.99,900,1600,2.8,3.14
Asus,15.6,8,Windows 10,999.0,1080,1920,2.8,2.5
Dell,15.6,4,Linux,485.0,1080,1920,2.0,2.2
Dell,15.6,4,Windows 10,614.0,768,1366,2.0,2.18
MSI,15.6,8,Windows 10,1149.0,1080,1920,2.8,2.2
HP,15.6,8,Windows 10,2249.0,1080,1920,2.7,2.0
Lenovo,15.6,16,Windows 10,1305.0,1080,1920,2.6,3.31
HP,14.0,4,Windows 10,684.0,768,1366,2.4,1.64
HP,15.6,8,Windows 10,745.0,1080,1920,2.7,2.1
HP,15.6,4,Windows 10,650.0,768,1366,2.3,2.07
Lenovo,17.3,6,Windows 10,649.0,900,1600,2.5,2.8
Apple,12.0,8,Mac OS X,1300.0,1440,2304,1.1,0.92
Dell,15.6,8,Windows 10,2135.0,1080,1920,2.7,2.0
Dell,15.6,16,Linux,899.0,1080,1920,2.7,2.36
Lenovo,13.3,16,Windows 10,1499.0,1800,3200,2.5,1.3
Lenovo,14.0,4,Chrome OS,325.0,768,1366,1.6,1.5
Lenovo,15.6,4,No OS,359.99,768,1366,1.1,2.2
LG,14.0,8,Windows 10,1899.0,1080,1920,2.7,0.98
Acer,15.6,8,Windows 10,449.0,768,1366,2.2,2.4
Apple,13.3,8,macOS,2040.0,1600,2560,3.1,1.37
Lenovo,14.0,8,Windows 10,1799.0,1080,1920,2.5,1.32
Lenovo,15.6,8,No OS,685.0,1080,1920,2.7,2.2
Dell,13.3,8,Windows 10,955.0,1080,1920,1.8,1.4
Asus,14.0,8,Windows 10,1049.0,1080,1920,2.7,1.25
Asus,15.6,8,No OS,1169.0,1080,1920,2.8,2.5
Dell,13.3,16,Windows 10,1869.0,1800,3200,1.8,1.2
HP,12.5,8,Windows 10,1483.0,1080,1920,2.7,1.26
MSI,15.6,8,Windows 10,1027.74,1080,1920,2.5,2.2
Dell,14.0,8,Windows 10,1179.0,1080,1920,2.8,1.64
Toshiba,14.0,8,Windows 10,1180.0,1080,1920,2.3,1.95
HP,11.6,2,Windows 10,209.0,768,1366,1.6,1.17
Dell,13.3,16,Windows 10,2240.0,1800,3200,2.5,1.29
Dell,15.6,8,Windows 10,855.0,1080,1920,1.8,2.02
Acer,15.6,4,Windows 10,395.0,768,1366,3.0,2.1
Dell,13.3,8,Windows 10,1869.0,1800,3200,1.6,1.23
HP,14.0,8,Windows 10,860.0,1080,1920,1.6,1.63
Microsoft,13.5,4,Windows 10 S,989.0,1504,2256,2.2,1.252
Asus,15.6,4,Windows 10,849.9,768,1366,2.7,2.37
Dell,15.6,8,Linux,895.01,1080,1920,2.7,1.98
HP,15.6,4,Windows 10,347.0,768,1366,1.6,2.1
Dell,15.6,4,Windows 10,739.0,1080,1920,2.7,2.18
Toshiba,15.6,16,Windows 10,1425.0,1080,1920,2.5,2.4
MSI,17.3,16,Windows 10,2249.0,1080,1920,2.8,2.8
HP,15.6,8,Windows 7,1899.0,1080,1920,2.6,2.0
Dell,14.0,8,Linux,1089.0,1080,1920,2.8,1.64
Acer,15.6,4,Windows 10,599.0,768,1366,2.5,2.1
Microsoft,13.5,8,Windows 10 S,1340.0,1504,2256,2.5,1.252
Acer,14.0,4,Windows 10,349.0,768,1366,1.6,1.6
Asus,15.6,8,Windows 10,399.0,768,1366,1.1,2.0
Dell,15.6,8,Windows 10,1199.0,1080,1920,2.8,2.62
Lenovo,14.0,8,No OS,599.0,1080,1920,2.7,1.7
Dell,15.6,4,Linux,428.0,1080,1920,2.0,2.25
Lenovo,15.6,4,Windows 10,489.9,768,1366,2.0,2.1
Asus,17.3,32,Windows 10,3890.0,1080,1920,2.9,4.7
HP,15.6,8,Windows 10,794.0,1080,1920,1.6,2.1
Asus,14.0,8,Windows 10,1099.0,1080,1920,1.8,1.25
Acer,17.3,4,Windows 10,598.0,900,1600,2.0,3.3
Lenovo,17.3,4,Windows 10,489.0,900,1600,2.2,2.6
Asus,17.3,4,Windows 10,564.0,1080,1920,2.0,2.0
HP,13.3,8,Windows 10,1799.0,1440,2560,2.6,1.48
Dell,15.6,8,Windows 10,819.0,1080,1920,1.8,2.08
Asus,15.6,4,Windows 10,339.0,768,1366,1.1,2.0
Acer,14.0,8,Windows 10,770.0,1080,1920,1.6,1.6
Microsoft,13.5,16,Windows 10 S,2589.0,1504,2256,2.5,1.25
Dell,13.3,8,Windows 10,949.0,1080,1920,1.6,1.41
Samsung,15.6,16,Windows 10,1699.0,1080,1920,2.8,2.5
Lenovo,14.0,16,Windows 10,2509.0,1440,2560,2.7,1.42
Acer,15.6,4,Windows 10,410.8,768,1366,2.0,2.4
HP,14.0,8,Windows 7,1469.0,1080,1920,2.3,1.43
Lenovo,17.3,6,Windows 10,949.0,900,1600,2.7,2.8
Acer,15.6,4,Windows 10,544.0,1080,1920,2.0,2.23
Dell,15.6,4,Windows 10,499.0,768,1366,2.0,2.3
HP,15.6,4,Windows 10,369.0,768,1366,2.5,1.86
HP,15.6,8,Windows 10,618.99,768,1366,2.5,1.91
Dell,13.3,16,Windows 10,2680.0,1800,3200,2.7,1.2
Lenovo,14.0,8,Windows 10,859.0,1080,1920,2.7,1.87
MSI,18.4,32,Windows 10,2799.0,1080,1920,2.9,4.4
Dell,15.6,4,Windows 10,490.0,768,1366,2.0,2.29
Lenovo,17.3,8,Windows 10,659.0,900,1600,2.3,3.0
HP,15.6,4,Windows 10,499.0,1080,1920,2.0,2.1
HP,11.6,2,Windows 10,209.0,768,1366,1.6,1.17
Apple,13.3,8,macOS,1158.7,900,1440,1.8,1.34
HP,15.6,4,No OS,364.9,768,1366,2.0,1.86
Asus,15.6,16,Windows 10,1799.0,1080,1920,2.8,2.5
Dell,15.6,8,Windows 10,999.0,1080,1920,2.5,2.65
Dell,15.6,32,Windows 10,2639.0,2160,3840,2.8,2.06
HP,13.3,8,Windows 10,1149.0,1800,3200,2.7,1.39
Lenovo,15.6,6,Windows 10,549.0,1080,1920,3.6,2.2
MSI,17.3,16,Windows 10,2499.0,1080,1920,2.8,4.14
HP,14.0,4,Windows 10,1060.0,768,1366,2.5,1.95
Asus,17.3,16,Windows 10,2199.0,1080,1920,3.0,3.25
Acer,15.6,4,Windows 10,499.0,1080,1920,2.4,2.4
Lenovo,15.6,4,No OS,450.0,768,1366,2.0,1.9
Acer,15.6,4,Linux,289.0,768,1366,1.6,2.4
Lenovo,14.0,8,Windows 7,1340.0,1080,1920,2.3,2.02
Toshiba,12.5,8,Windows 10,1790.0,1080,1920,2.7,1.1
Samsung,15.0,16,Windows 10,1799.0,1080,1920,2.7,1.71
HP,13.3,4,Windows 10,1799.0,1080,1920,2.5,1.28
Lenovo,13.3,16,Windows 10,1499.0,1080,1920,2.7,1.4
Lenovo,17.3,8,Windows 10,519.0,900,1600,2.5,2.8
Toshiba,15.6,8,Windows 10,860.0,1080,1920,2.5,2.0
Lenovo,14.0,8,Windows 10,2049.0,1080,1920,2.7,1.13
Dell,15.6,16,Windows 10,859.01,1080,1920,2.7,2.3
Asus,17.3,8,Windows 10,891.0,1080,1920,2.5,2.69
Lenovo,14.0,8,Windows 7,2050.38,1080,1920,2.6,1.8
HP,15.6,4,No OS,349.0,1080,1920,2.0,2.1
HP,17.3,8,Windows 10,977.0,1080,1920,1.6,2.5
MSI,17.3,16,Windows 10,2029.0,1080,1920,2.8,2.9
Acer,11.6,4,Windows 10,269.0,768,1366,1.6,1.4
Lenovo,15.6,8,Windows 10,817.95,1080,1920,2.5,1.9
Asus,15.6,4,Linux,519.0,1080,1920,2.5,2.1
Acer,15.6,12,Windows 10,1009.0,1080,1920,2.5,2.4
Acer,15.6,4,Windows 10,572.0,1080,1920,2.7,2.2
Toshiba,15.6,16,Windows 10,1975.0,1080,1920,2.6,2.4
Lenovo,15.6,4,Windows 10,409.0,1080,1920,2.0,2.2
Acer,17.3,16,Windows 10,2299.0,1080,1920,2.8,4.2
Acer,15.6,4,Windows 10,613.0,1080,1920,1.6,2.2
HP,14.0,8,Windows 7,1195.0,1080,1920,2.3,1.95
Lenovo,11.6,4,Chrome OS,265.0,768,1366,1.6,1.25
Lenovo,13.3,8,Windows 10,1970.0,1080,1920,2.7,1.37
Dell,15.6,16,Windows 10,1607.96,1080,1920,1.9,1.88
Lenovo,13.3,4,Windows 10,549.0,1080,1920,2.4,1.5
Apple,13.3,8,macOS,1339.69,1600,2560,2.3,1.37
HP,15.6,4,Windows 10,439.0,768,1366,2.0,1.86
Dell,15.6,8,Windows 10,469.01,768,1366,2.4,2.3
Dell,14.0,8,Windows 10,740.0,768,1366,2.3,1.79
Razer,12.5,8,Windows 10,1029.0,2160,3840,2.5,1.25
HP,13.3,8,Windows 10,960.0,1080,1920,2.5,1.49
Dell,14.0,8,Windows 10,1205.0,1080,1920,2.8,1.6
Asus,17.3,12,Windows 10,1369.9,1080,1920,2.5,2.2
Dell,17.3,32,Windows 10,3588.8,1080,1920,2.8,4.42
Lenovo,15.6,4,No OS,309.0,768,1366,2.9,2.2
HP,15.6,8,Windows 10,589.0,768,1366,2.5,1.91
HP,15.6,4,No OS,259.0,768,1366,1.6,1.86
Lenovo,15.6,4,Windows 10,540.0,768,1366,2.3,2.1
Dell,17.3,16,Windows 10,3012.77,1080,1920,2.8,4.42
Asus,15.6,8,Windows 10,699.0,1080,1920,3.0,2.45
Lenovo,14.0,4,Windows 10,833.01,1080,1920,2.3,1.8
Dell,13.3,8,Windows 10,1399.0,1080,1920,1.6,1.23
Toshiba,14.0,4,Windows 10,1020.0,768,1366,2.3,1.75
Asus,13.3,8,Windows 10,928.0,1080,1920,2.5,1.27
Asus,17.3,16,Windows 10,1799.0,1080,1920,2.8,4.3
Asus,17.3,12,Linux,949.0,1080,1920,2.8,3.0
Dell,15.6,4,Windows 10,449.0,1080,1920,2.0,2.2
Asus,14.0,4,Windows 10,509.0,768,1366,2.4,1.3
HP,14.0,8,Windows 10,1887.21,1080,1920,2.5,1.54
Acer,15.6,6,Windows 10,549.0,768,1366,2.5,2.23
HP,15.6,6,Windows 10,764.0,768,1366,2.5,2.19
HP,15.6,4,No OS,288.9,768,1366,1.6,1.86
Lenovo,15.6,8,Windows 10,911.0,1080,1920,2.5,2.3
Lenovo,15.6,6,Windows 10,569.0,1080,1920,2.3,2.4
Lenovo,15.6,8,No OS,499.0,768,1366,2.0,2.2
Lenovo,12.5,8,Windows 10,1099.0,768,1366,2.3,1.3
Dell,15.6,8,Windows 10,999.0,1080,1920,2.5,2.191
Asus,15.6,4,Linux,274.99,768,1366,1.1,2.0
Chuwi,12.3,6,Windows 10,449.0,1824,2736,1.1,1.4
Acer,15.6,4,Windows 10,348.0,768,1366,1.1,2.1
Dell,15.6,8,Windows 10,1298.0,1080,1920,1.9,1.88
HP,15.6,4,Windows 10,521.47,768,1366,1.6,2.04
Lenovo,17.3,8,No OS,698.0,900,1600,1.6,2.8
Lenovo,14.0,8,Windows 10,999.0,1080,1920,2.5,1.7
MSI,15.6,8,Windows 10,1119.91,1080,1920,2.5,2.2
HP,13.3,4,Windows 10,754.0,1080,1920,1.6,1.49
Acer,17.3,16,Windows 10,2599.0,1080,1920,2.8,4.2
Dell,13.3,8,Windows 10,1449.9,1080,1920,1.6,1.2
Toshiba,15.6,4,Windows 10,489.0,768,1366,2.4,2.0
HP,15.6,8,Windows 10,889.0,1080,1920,2.5,2.04
Lenovo,15.6,4,Windows 10,468.0,1080,1920,2.0,2.2
Asus,13.3,8,Windows 10,1358.0,1080,1920,2.5,1.1
Toshiba,13.3,32,Windows 10,2799.0,1080,1920,2.7,1.05
MSI,17.3,8,Windows 10,1095.0,1080,1920,2.5,2.7
HP,15.6,4,No OS,345.99,768,1366,2.0,1.86
Lenovo,14.0,12,Windows 10,1673.0,1080,1920,2.6,1.4
Dell,15.6,16,Windows 10,1135.0,1080,1920,1.8,2.2
Acer,13.3,8,Windows 10,689.0,1080,1920,2.3,1.6
HP,15.6,6,Windows 10,650.0,1080,1920,3.0,2.1
Huawei,13.0,8,Windows 10,1499.0,1440,2160,2.7,1.05
Dell,15.6,8,Windows 10,728.0,1080,1920,1.6,2.13
Acer,14.0,8,Windows 10,884.0,1080,1920,1.8,1.6
Lenovo,13.3,4,Windows 10,881.0,1080,1920,2.5,1.44
Toshiba,13.3,4,Windows 10,1285.0,1080,1920,2.5,1.05
Lenovo,15.6,4,No OS,368.0,768,1366,2.0,1.9
Dell,17.3,16,Windows 10,1549.0,1080,1920,1.8,2.77
Dell,15.6,16,Windows 10,1499.0,1080,1920,2.8,2.65
HP,17.3,8,Windows 10,1907.99,1080,1920,2.8,3.14
MSI,15.6,16,Windows 10,1299.0,1080,1920,2.8,2.2
HP,14.0,4,Windows 10,1205.0,1080,1920,2.5,1.95
Lenovo,15.6,4,Windows 10,344.0,1080,1920,1.1,2.2
HP,15.6,8,Windows 10,1349.0,1080,1920,2.6,1.84
HP,15.6,8,Windows 7,2229.0,1080,1920,2.6,2.59
Lenovo,14.0,8,Windows 10,1072.0,1080,1920,2.3,1.9
Chuwi,15.6,4,Windows 10,248.9,1080,1920,1.44,1.89
HP,17.3,12,Windows 10,1699.0,1080,1920,2.8,3.78
HP,15.6,8,Windows 10,659.0,1080,1920,1.8,1.91
Dell,17.3,4,Windows 10,659.0,900,1600,2.0,2.36
Dell,13.3,16,Windows 10,2254.0,1800,3200,2.7,1.2
Dell,15.6,4,Linux,455.7,768,1366,2.0,2.18
Acer,15.6,4,Chrome OS,209.0,768,1366,1.5,2.2
Dell,17.3,8,Windows 10,1085.0,1080,1920,1.6,2.8
HP,15.6,4,Windows 10,478.0,1080,1920,2.0,2.1
HP,12.5,8,Windows 7,2296.95,1080,1920,2.5,1.26
Lenovo,14.0,8,Windows 10,1099.0,1080,1920,2.5,1.5
Lenovo,13.3,8,Windows 10,960.0,1080,1920,2.5,1.44
Lenovo,15.6,4,Windows 10,298.0,768,1366,2.0,2.19
Dell,15.6,8,Windows 10,979.0,1080,1920,1.8,2.36
Dell,15.6,8,Windows 10,565.0,1080,1920,2.5,2.24
MSI,17.3,16,Windows 10,2649.0,2160,3840,2.6,2.43
Lenovo,15.6,16,Windows 10,1499.0,1080,1920,2.8,3.2
HP,15.6,8,Windows 10,1099.0,1080,1920,2.8,2.2
HP,15.6,4,Windows 10,499.0,1080,1920,3.0,1.91
Dell,12.5,8,Windows 10,1690.0,1080,1920,2.8,1.6
Acer,15.6,4,Windows 10,449.0,768,1366,2.0,2.1
Lenovo,15.6,8,No OS,499.0,1080,1920,2.4,2.2
HP,13.3,8,Windows 10,1629.0,1080,1920,2.4,1.48
Lenovo,15.6,4,Windows 10,309.0,768,1366,1.1,2.2
HP,15.6,8,Windows 10,846.5,768,1366,2.5,2.04
Toshiba,15.6,4,Windows 10,780.0,768,1366,2.3,2.1
Lenovo,15.6,8,Windows 10,459.0,768,1366,2.3,2.29
Dell,14.0,8,Windows 10,879.0,1080,1920,1.6,1.7
Dell,15.6,8,Linux,735.07,1080,1920,1.8,2.14
Dell,15.0,4,Windows 10,509.0,1080,1920,2.4,2.08
Lenovo,17.3,4,Windows 10,489.0,900,1600,2.0,2.8
Acer,15.6,4,Windows 10,380.0,768,1366,1.1,2.4
Toshiba,13.3,8,Windows 10,973.0,1080,1920,2.5,1.5
Dell,15.6,8,Windows 10,899.0,1080,1920,2.7,2.33
MSI,17.3,16,Windows 10,2048.9,1080,1920,2.8,2.43
Acer,15.6,4,Linux,367.0,768,1366,2.7,2.1
Lenovo,15.6,4,Windows 10,779.0,1080,1920,2.7,1.85
Lenovo,15.6,6,Windows 10,695.0,1080,1920,2.5,2.4
Lenovo,15.6,4,No OS,398.0,768,1366,2.3,2.1
HP,11.6,4,Chrome OS,615.0,768,1366,1.1,1.4
HP,12.5,8,Windows 10,3100.0,2160,3840,1.2,1.09
Lenovo,15.6,4,No OS,462.35,1080,1920,2.3,2.15
Vero,14.0,2,Windows 10,210.8,768,1366,1.44,1.45
HP,17.3,6,Windows 10,569.0,1080,1920,2.4,2.65
MSI,15.6,16,Windows 10,2094.48,1080,1920,2.8,1.8
Vero,14.0,4,Windows 10,260.0,1080,1920,1.1,1.3
Dell,17.3,8,Windows 10,2046.0,1080,1920,2.7,4.42
MSI,17.3,8,Windows 10,1349.0,1080,1920,2.8,2.7
MSI,15.6,16,Windows 10,1294.0,1080,1920,2.8,2.4
Lenovo,15.6,8,Windows 10,1048.0,1080,1920,2.8,2.5
HP,11.6,2,Windows 10,209.0,768,1366,1.6,1.17
Dell,15.6,8,Linux,589.52,768,1366,2.5,2.32
Lenovo,14.0,8,Windows 10,1215.38,1080,1920,1.8,1.75
HP,15.6,4,Windows 10,488.99,1080,1920,3.0,1.91
HP,15.6,4,Windows 10,469.0,1080,1920,2.0,2.1
Acer,14.0,8,Windows 10,389.0,768,1366,2.0,2.1
Lenovo,15.6,8,Windows 10,1529.0,1080,1920,2.6,2.3
Dell,15.6,8,Windows 10,1046.44,1080,1920,2.4,2.09
Asus,11.6,4,Windows 10 S,340.0,768,1366,1.1,1.2
Acer,14.0,4,Chrome OS,349.0,768,1366,1.6,1.68
Dell,15.6,4,Linux,569.0,1080,1920,2.5,2.18
Dell,13.3,8,Windows 10,1629.0,1080,1920,1.6,1.21
HP,14.0,8,Windows 10,1500.0,1080,1920,2.5,1.43
HP,15.6,4,Windows 10,668.48,768,1366,2.4,2.1
Dell,15.6,4,Linux,465.0,768,1366,2.0,2.18
Dell,15.6,8,Windows 10,749.0,768,1366,2.7,2.36
Dell,13.3,8,Windows 10,1649.0,1080,1920,1.8,1.21
Lenovo,14.0,4,Windows 7,1002.0,768,1366,2.3,1.7
Asus,15.6,16,Windows 10,2325.0,1080,1920,2.6,2.34
Lenovo,14.0,4,Windows 10,1096.0,1080,1920,2.3,1.7
Lenovo,13.3,8,Windows 10,949.0,1080,1920,2.4,1.4
MSI,17.3,8,Windows 10,1191.8,1080,1920,2.8,2.7
MSI,15.6,16,Windows 10,2153.37,1080,1920,2.6,1.91
HP,15.6,4,Windows 10,742.0,768,1366,2.5,2.04
HP,15.6,4,No OS,344.99,1080,1920,2.0,1.86
Lenovo,15.6,8,Windows 10,1229.56,1080,1920,1.8,2.1
Acer,11.6,4,Chrome OS,297.0,768,1366,1.6,1.25
Asus,15.6,4,Linux,224.0,768,1366,1.1,2.0
Asus,15.6,8,Linux,522.99,768,1366,2.5,2.3
Dell,15.6,8,Windows 10,1060.49,1080,1920,2.8,2.56
Dell,13.3,4,Windows 10,689.0,768,1366,2.0,1.65
Toshiba,14.0,16,Windows 10,1865.0,1080,1920,2.7,1.24
Lenovo,14.0,8,Windows 10,1650.0,1080,1920,2.6,1.32
Lenovo,15.6,4,No OS,467.0,1080,1920,2.5,2.2
Lenovo,12.5,8,Windows 10,1713.49,1080,1920,2.5,1.3
Dell,15.6,8,Windows 10,1142.4,1080,1920,1.8,2.02
Acer,14.0,4,Chrome OS,375.0,768,1366,1.6,1.45
Asus,15.6,4,Windows 10,349.0,768,1366,1.8,2.0
MSI,15.6,8,Windows 10,1476.11,1080,1920,2.6,2.2
HP,14.0,4,Windows 10,699.0,1080,1920,2.4,1.63
Lenovo,15.6,4,Windows 10,318.0,768,1366,1.6,2.1
Lenovo,14.0,8,Windows 10,2339.0,1440,2560,2.5,1.27
Asus,13.3,8,Windows 10,729.0,1080,1920,0.9,1.2
Toshiba,15.6,4,Windows 10,447.0,768,1366,2.2,2.1
HP,14.0,8,Windows 10,1010.51,1080,1920,2.5,1.64
HP,17.3,16,Windows 10,1059.0,1080,1920,1.8,2.9
HP,14.0,4,Windows 10,779.0,768,1366,2.5,1.64
HP,14.0,8,Windows 10,1268.0,1080,1920,2.6,1.48
Asus,15.6,4,Windows 10,309.0,768,1366,1.6,2.65
Apple,13.3,8,macOS,1518.55,1600,2560,2.3,1.37
Asus,11.6,2,Windows 10,245.0,768,1366,1.1,1.1
Acer,15.6,8,Windows 10,659.0,768,1366,2.7,2.2
Samsung,13.3,8,Windows 10,1599.0,1080,1920,2.7,1.31
Lenovo,15.6,6,Windows 10,564.0,1080,1920,2.5,2.4
Dell,15.6,8,Windows 10,1009.9,1080,1920,2.7,2.18
Lenovo,13.3,16,Windows 10,1799.0,1800,3200,2.2,1.3
Dell,15.6,8,Windows 10,1778.0,1080,1920,2.8,2.23
Toshiba,13.3,8,Windows 10,1363.0,1080,1920,2.5,1.2
HP,13.3,8,Windows 10,1499.0,2160,3840,1.6,1.29
Lenovo,15.6,6,Windows 10,789.0,1080,1920,2.7,2.2
HP,15.6,12,Windows 10,1249.0,1080,1920,2.8,2.62
Asus,17.3,16,Windows 10,2419.0,1080,1920,2.8,2.9
HP,15.6,8,Windows 7,1561.0,1080,1920,2.6,2.59
HP,13.3,8,Windows 10,1399.0,1080,1920,2.7,1.32
Dell,12.5,16,Windows 10,1859.0,1080,1920,2.8,1.18
HP,15.6,4,No OS,258.0,768,1366,1.5,1.86
Lenovo,15.6,4,No OS,321.99,768,1366,1.1,2.2
Acer,15.6,4,Windows 10,559.0,768,1366,2.5,2.4
Asus,15.6,4,Windows 10,369.0,768,1366,1.6,2.2
Lenovo,15.6,4,Windows 10,299.0,768,1366,2.2,2.2
Dell,15.6,16,Windows 10,879.01,1080,1920,2.6,2.59
Dell,15.6,8,Windows 10,1498.0,2160,3840,2.8,2.62
Dell,15.6,4,Linux,274.9,768,1366,1.6,2.2
Lenovo,13.3,8,Windows 10,1010.0,1080,1920,2.7,1.4
Lenovo,13.3,8,Windows 10,1825.0,1080,1920,2.5,1.37
HP,14.0,8,Windows 10,1031.0,1080,1920,1.8,1.63
Lenovo,15.6,16,Windows 10,1749.0,1080,1920,2.8,3.2
Lenovo,14.0,16,Windows 7,2620.0,1440,2560,2.6,1.1
Asus,17.3,16,No OS,998.0,1080,1920,2.6,4.0
Dell,15.6,8,Windows 10,1195.0,1080,1920,2.5,2.65
Lenovo,11.3,8,Windows 10,1299.0,1080,1920,1.2,1.1
Lenovo,15.6,4,Windows 10,549.0,1080,1920,2.5,1.9
MSI,17.3,16,Windows 10,2399.0,1080,1920,2.7,3.78
Acer,15.6,8,Windows 10,951.0,1080,1920,1.8,3.0
Lenovo,14.0,16,Windows 10,1749.0,1080,1920,2.7,1.38
Dell,15.6,16,Windows 10,1349.0,1080,1920,2.8,2.65
Lenovo,15.6,16,Windows 10,2449.0,1080,1920,2.9,2.5
Dell,17.3,16,Windows 10,2758.0,1440,2560,2.7,4.36
MSI,17.3,16,Windows 10,1890.0,1080,1920,2.8,2.8
Asus,15.6,8,Windows 10,949.0,1080,1920,2.8,2.2
HP,15.6,8,Windows 10,752.0,1080,1920,2.7,1.84
HP,15.6,6,Windows 10,764.0,768,1366,2.5,2.19
Dell,15.6,8,Windows 10,985.0,1080,1920,2.5,2.62
Mediacom,14.0,4,Windows 10,389.0,1080,1920,1.1,1.45
Acer,15.6,4,Linux,441.8,768,1366,2.5,2.4
Lenovo,15.6,4,Windows 10,621.45,1080,1920,2.5,2.1
Acer,13.3,8,Windows 10,989.0,1080,1920,1.2,1.12
Asus,17.3,16,Windows 10,1549.0,1080,1920,3.0,3.2
Dell,15.6,8,Windows 10,638.8,1080,1920,2.5,2.36
Dell,15.6,4,Windows 10,369.0,768,1366,1.6,2.2
Acer,15.6,4,Linux,390.0,768,1366,2.0,2.1
Dell,15.6,16,Windows 10,1899.0,1080,1920,2.8,2.06
Lenovo,15.6,8,Windows 7,895.0,1080,1920,2.5,2.32
Dell,15.6,4,Windows 10,617.9,768,1366,2.0,2.18
Dell,15.6,8,Windows 10,1130.33,1080,1920,1.8,2.16
Lenovo,14.0,2,Windows 10,249.0,768,1366,1.6,1.42
Asus,15.6,4,Windows 10,369.0,768,1366,1.6,2.2
Asus,15.6,8,Windows 10,1099.0,1080,1920,2.5,2.37
Lenovo,11.6,4,Windows 10,475.0,768,1366,1.6,1.4
Dell,15.6,8,Windows 10,836.0,1080,1920,2.5,2.18
Lenovo,15.6,4,Windows 10,579.0,1080,1920,2.0,2.2
HP,14.0,4,Windows 10,973.0,768,1366,2.5,1.64
MSI,17.3,8,Windows 10,1511.19,1080,1920,2.6,2.9
Acer,15.6,4,Chrome OS,359.0,1080,1920,1.5,2.2
Dell,15.6,8,Windows 10,949.0,1080,1920,2.5,2.65
HP,14.0,8,Windows 10,812.0,1080,1920,1.6,1.63
Asus,15.6,8,Windows 10,1339.0,1080,1920,2.8,2.24
Acer,14.0,8,Windows 10,619.0,1080,1920,2.4,1.5
HP,14.0,8,Windows 10,1084.0,1080,1920,1.8,1.63
Dell,13.3,8,Windows 10,1841.85,1080,1920,1.6,1.42
Dell,15.6,8,Windows 10,1207.0,1080,1920,2.7,2.0
Dell,12.5,4,Windows 7,1166.97,768,1366,2.3,1.5
Asus,15.6,4,Windows 10,586.19,768,1366,2.5,2.0
MSI,17.3,16,Windows 10,2199.0,1080,1920,2.7,4.14
MSI,15.6,8,Windows 10,1089.0,1080,1920,2.5,2.2
Razer,17.3,32,Windows 10,5499.0,2160,3840,2.9,3.49
Asus,15.6,8,Windows 10,1118.0,1080,1920,1.8,1.7
Dell,15.6,8,Windows 10,919.0,1080,1920,1.8,2.2
MSI,17.3,16,Windows 10,1545.64,1080,1920,2.7,3.78
Acer,15.6,4,Linux,412.0,768,1366,2.0,2.1
HP,14.0,6,Windows 10,659.0,1080,1920,2.5,1.58
Asus,15.6,8,Windows 10,906.62,1080,1920,2.5,1.99
HP,14.0,8,Windows 10,1750.0,1080,1920,2.7,1.36
HP,17.3,8,Windows 10,1018.0,1080,1920,1.8,2.5
Toshiba,15.6,8,Windows 10,1064.0,1080,1920,2.5,2.0
Dell,14.0,4,Windows 10,755.0,768,1366,2.3,1.76
HP,12.5,8,Windows 10,1669.0,1080,1920,2.3,1.26
Lenovo,14.0,8,Windows 10,2499.0,1080,1920,2.7,1.13
HP,13.3,8,Windows 10,1189.0,1080,1920,2.5,1.34
Lenovo,15.6,4,No OS,369.0,768,1366,2.0,2.2
Dell,15.6,8,Windows 10,663.0,1080,1920,1.6,1.9
Lenovo,14.0,8,Windows 10,1669.0,1080,1920,2.5,1.8
Asus,15.6,4,Linux,398.99,768,1366,1.1,2.0
Dell,15.6,8,Windows 10,1099.0,1080,1920,2.8,2.62
HP,17.3,8,Windows 10,914.0,1080,1920,1.6,2.5
Dell,15.6,8,Linux,647.0,1080,1920,1.6,2.2
Apple,13.3,8,macOS,1803.6,1600,2560,3.1,1.37
Acer,11.6,4,Chrome OS,379.0,768,1366,1.6,1.25
HP,14.0,8,Windows 10,389.0,768,1366,1.6,1.94
HP,15.6,4,Windows 10,398.49,1080,1920,2.5,1.86
Dell,15.6,4,Windows 10,657.0,1080,1920,2.5,2.18
Dell,13.3,8,Linux,1099.0,1800,3200,2.4,1.23
Lenovo,15.6,4,Windows 10,349.0,1080,1920,1.1,2.2
MSI,17.3,16,Windows 10,1948.99,1080,1920,2.6,2.43
Toshiba,14.0,16,Windows 10,1764.0,1080,1920,2.6,1.47
Toshiba,15.6,4,Windows 10,669.0,768,1366,2.4,2.0
Toshiba,13.3,4,Windows 10,1195.0,1080,1920,2.3,1.2
Lenovo,14.0,4,Windows 10,699.0,1080,1920,2.5,1.7
Asus,15.6,8,Windows 10,1265.0,1080,1920,2.8,2.5
Lenovo,15.6,12,Windows 10,899.0,1080,1920,3.6,2.2
HP,14.0,4,Windows 10,1189.0,768,1366,2.5,2.31
Acer,15.6,8,Windows 10,469.0,1080,1920,2.2,2.23
Acer,15.6,4,Windows 10,447.0,768,1366,2.0,2.1
Acer,15.6,4,Windows 10,451.0,768,1366,3.0,2.1
Lenovo,14.0,12,Windows 7,2299.0,1080,1920,2.6,1.4
Lenovo,15.6,4,Windows 10,685.0,1080,1920,1.6,2.05
Asus,12.5,4,Chrome OS,669.0,1080,1920,0.9,1.2
MSI,17.3,8,Windows 10,1486.77,1080,1920,2.8,2.7
Lenovo,10.1,4,Android,319.0,1200,1920,1.44,0.69
Dell,17.3,16,Windows 10,1799.0,1080,1920,2.7,2.77
Dell,13.3,8,Windows 10,1268.0,1800,3200,2.5,1.3
Dell,15.6,8,Windows 10,719.0,1080,1920,1.6,2.2
Dell,15.6,8,Windows 10,739.0,1080,1920,2.0,2.0
Lenovo,14.0,8,Windows 10,1186.0,1080,1920,2.3,1.7
HP,15.6,8,Windows 10,1738.27,1080,1920,2.8,2.6
HP,15.6,4,Windows 10,399.0,768,1366,2.5,1.86
Lenovo,15.6,8,No OS,869.0,1080,1920,2.8,2.4
HP,13.3,8,Windows 10,1999.0,2160,3840,1.8,1.29
Asus,14.1,4,Windows 10,348.0,768,1366,1.1,1.65
Dell,14.0,8,Windows 10,1962.98,1440,2560,2.6,1.5
MSI,15.6,8,Windows 10,1191.8,1080,1920,2.8,2.2
Lenovo,14.0,16,Windows 10,2625.0,1440,2560,2.7,1.13
Acer,15.6,4,Windows 10,639.0,1080,1920,2.7,2.2
Lenovo,15.6,8,No OS,573.0,1080,1920,2.5,2.3
HP,14.0,8,Windows 10,1292.0,1080,1920,2.7,1.48
Dell,13.3,8,Windows 10,979.0,1080,1920,1.6,1.22
Lenovo,13.3,8,Windows 10,1499.0,1080,1920,1.8,1.19
Lenovo,14.0,4,Windows 10,249.0,768,1366,1.1,1.44
Lenovo,14.0,8,Windows 10,1875.0,1080,1920,2.5,1.13
Dell,13.3,16,Windows 10,1649.0,1080,1920,1.3,1.22
Lenovo,13.3,8,Windows 10,949.0,1080,1920,2.5,1.44
Dell,14.0,4,Windows 10,585.0,768,1366,2.0,1.76
Lenovo,15.6,8,Windows 10,1390.0,1080,1920,2.5,1.95
Dell,14.0,8,Windows 10,1680.0,1080,1920,2.8,1.36
Dell,15.6,4,Windows 10,684.99,768,1366,2.5,2.18
HP,11.6,4,Chrome OS,385.0,768,1366,1.6,1.23
Toshiba,13.3,8,Windows 10,1095.0,768,1366,2.3,1.2
HP,15.6,4,Windows 10,398.99,1080,1920,1.6,1.86
Dell,15.6,16,Windows 10,2868.99,2160,3840,2.8,4.42
Lenovo,15.6,8,Windows 10,459.0,768,1366,2.0,2.2
Lenovo,15.6,8,Windows 10,1049.6,1080,1920,2.3,2.3
HP,15.6,4,Windows 10,488.69,768,1366,2.5,1.86
Dell,15.6,8,Windows 10,459.0,768,1366,2.4,2.3
Dell,15.6,8,Windows 10,985.0,1080,1920,1.8,2.2
HP,17.3,12,Windows 10,1749.0,1080,1920,2.8,3.74
Lenovo,15.6,8,Windows 10,1272.0,1080,1920,2.6,2.6
HP,13.3,8,Windows 10,1699.0,1800,3200,1.1,1.16
HP,13.3,16,Windows 10,2049.0,2160,3840,2.7,1.3
Lenovo,14.0,16,Windows 10,2299.0,1080,1920,2.7,1.7
Dell,15.6,4,Windows 10,599.0,768,1366,2.5,2.25
Lenovo,13.3,16,Windows 10,1499.0,1800,3200,2.5,1.3
Asus,12.5,16,Windows 10,1950.0,1080,1920,2.7,0.91
HP,14.0,4,Windows 10,1082.0,1080,1920,2.7,1.48
Lenovo,13.3,8,Windows 10,1757.42,1080,1920,2.7,1.37
Lenovo,12.5,8,Windows 10,1760.0,1080,1920,2.6,1.36
Lenovo,15.6,4,Windows 10,535.0,1080,1920,2.3,2.2
Lenovo,14.0,8,Windows 10,1903.0,1080,1920,2.8,1.96
Acer,15.6,4,Windows 10,619.0,768,1366,2.5,2.23
Asus,15.6,8,Windows 10,977.0,1080,1920,2.5,1.7
Lenovo,15.6,8,Windows 10,899.0,1080,1920,2.7,2.2
Dell,15.6,16,Windows 10,2813.75,1080,1920,2.9,3.49
Lenovo,14.0,4,Windows 10,990.0,768,1366,2.5,2.02
Acer,15.6,4,Linux,361.8,768,1366,2.0,2.4
Apple,15.4,16,macOS,2858.0,1800,2880,2.9,1.83
Asus,14.0,4,Windows 10 S,277.99,768,1366,1.5,1.65
HP,15.6,8,Windows 10,1165.0,1080,1920,2.3,2.31
Dell,15.6,12,Windows 10,1299.0,1080,1920,2.7,2.19
Dell,15.6,2,Windows 10,379.0,768,1366,1.6,2.2
Lenovo,14.0,16,Windows 10,2824.0,1440,2560,2.7,1.42
Lenovo,15.6,4,No OS,270.62,768,1366,1.1,1.9
Lenovo,14.0,2,Windows 10,229.0,768,1366,1.6,1.5
Toshiba,15.6,8,Windows 10,1399.0,1080,1920,2.5,2.2
Dell,15.6,16,Linux,1049.0,1080,1920,1.8,2.02
Asus,17.3,16,Windows 10,2122.0,1080,1920,2.8,2.9
Lenovo,15.6,8,Windows 10,898.9,1080,1920,1.8,2.17
Asus,15.6,4,Windows 10,369.0,768,1366,1.6,2.2
Lenovo,12.5,8,Windows 10,1399.0,1440,2560,1.2,0.99
Asus,15.6,24,Windows 10,2968.0,1080,1920,2.8,2.24
Dell,15.6,8,Windows 10,2408.0,1080,1920,2.8,1.78
Asus,13.3,8,Windows 10,1315.0,1080,1920,1.6,1.1
Dell,15.6,8,Windows 10,745.0,1080,1920,2.7,2.2
Lenovo,14.0,4,Windows 10,785.0,1080,1920,2.5,1.87
Lenovo,15.6,8,Windows 10,1196.0,1080,1920,2.6,3.31
Dell,15.6,4,Windows 10,481.98,768,1366,2.3,2.06
HP,14.0,8,Windows 10,2229.0,1080,1920,2.5,1.43
HP,12.5,4,Windows 7,1599.0,768,1366,2.3,2.4
Acer,11.6,4,Chrome OS,389.0,768,1366,1.6,1.25
Dell,15.6,4,Linux,521.86,768,1366,2.5,2.18
Lenovo,15.6,6,Windows 10,579.0,1080,1920,2.5,2.2
Dell,15.6,8,Windows 10,810.0,768,1366,2.5,1.95
Acer,15.6,8,Windows 10,832.0,1080,1920,2.7,2.2
Apple,13.3,8,Mac OS X,1099.0,900,1440,1.6,1.35
Google,12.3,16,Chrome OS,2199.0,1600,2400,1.3,1.1
HP,15.6,6,Windows 10,549.99,1080,1920,2.9,2.04
HP,15.6,8,Windows 10,1269.0,1080,1920,2.7,1.9
Dell,17.3,8,Windows 10,979.0,1080,1920,1.6,2.8
HP,17.3,16,Windows 7,4389.0,1080,1920,2.9,3.0
HP,15.6,8,Windows 10,2103.34,1080,1920,2.4,1.84
Lenovo,14.0,12,Windows 10,1858.0,1440,2560,2.6,1.4
Dell,13.3,8,Windows 10,1379.0,1080,1920,2.4,1.23
HP,15.6,6,Windows 10,549.99,1080,1920,2.9,2.04
Dell,15.6,4,Windows 10,545.67,768,1366,2.0,2.2
Asus,17.3,16,Windows 10,2150.0,1080,1920,2.6,4.3
Dell,15.6,16,Windows 10,2399.0,2160,3840,2.8,2.06
Asus,13.3,8,Windows 10,1280.0,1080,1920,2.5,1.45
Dell,15.6,4,Linux,393.49,768,1366,1.6,2.2
Acer,15.6,4,Windows 10,333.0,768,1366,2.0,2.1
HP,15.6,8,Windows 10,2064.9,1080,1920,2.8,3.14
Asus,15.6,4,Windows 10,403.0,768,1366,3.0,2.03
Dell,13.3,8,Windows 10,1899.0,1080,1920,1.2,1.24
Toshiba,14.0,4,Windows 10,1090.0,768,1366,2.5,1.25
HP,15.6,4,Windows 10,398.0,1080,1920,2.5,2.1
Xiaomi,13.3,8,Windows 10,935.0,1080,1920,2.3,1.28
HP,15.6,8,Windows 10,1018.99,1080,1920,2.7,2.04
Lenovo,15.6,4,Windows 10,498.0,768,1366,2.5,1.9
HP,15.6,4,Windows 10,485.0,768,1366,2.5,1.86
Lenovo,15.6,8,No OS,1149.0,1080,1920,2.8,2.4
Lenovo,14.0,4,Windows 10,638.0,1080,1920,2.5,1.8
HP,13.3,8,Windows 10,1119.0,1080,1920,2.7,1.38
HP,17.3,16,Windows 10,1498.0,1080,1920,2.8,3.78
HP,15.6,4,Windows 10,478.89,1080,1920,2.5,1.91
HP,13.3,8,Windows 10,1103.0,1080,1920,1.8,1.49
Dell,15.6,8,Windows 10,899.0,1080,1920,2.8,2.62
Acer,15.6,8,Linux,879.0,1080,1920,2.8,2.5
Dell,13.3,8,Windows 10,1949.0,2160,3840,1.8,1.21
MSI,17.3,16,Windows 10,1598.0,1080,1920,2.8,2.7
Asus,14.0,16,Windows 10,1495.0,1080,1920,1.8,1.3
HP,13.3,4,Windows 10,800.0,768,1366,2.4,1.49
HP,15.6,8,Windows 10,1070.0,1080,1920,2.7,2.04
HP,15.6,8,Windows 10,1534.0,1080,1920,2.9,2.31
Lenovo,13.9,8,Windows 10,1849.0,1080,1920,1.8,1.37
Dell,15.6,8,Linux,929.0,1080,1920,2.8,2.62
Lenovo,14.0,16,Windows 10,2440.0,1440,2560,2.6,2.8
HP,13.3,4,Windows 10,1700.0,1080,1920,2.5,1.28
Razer,14.0,16,Windows 10,3499.0,1080,1920,2.8,1.95
Fujitsu,15.6,8,Windows 10,799.0,768,1366,2.5,2.2
Lenovo,15.6,16,Windows 10,1129.0,1080,1920,2.8,2.4
HP,13.3,8,Windows 10,1690.0,1080,1920,2.3,1.16
HP,15.6,4,Windows 10,722.0,1080,1920,1.6,2.1
Dell,15.6,16,Windows 10,1249.26,1080,1920,2.8,2.56
Google,12.3,8,Chrome OS,1275.0,1600,2400,1.2,1.1
Lenovo,15.6,8,Windows 10,1109.0,1080,1920,2.8,2.5
Dell,15.6,6,Windows 10,459.0,768,1366,2.4,2.3
Lenovo,15.6,16,Windows 10,1029.0,1080,1920,2.6,2.6
Lenovo,15.6,4,Windows 10,499.0,1080,1920,2.0,2.2
Dell,15.6,4,Windows 10,708.06,768,1366,2.5,2.18
Lenovo,12.5,16,Windows 10,1798.0,1080,1920,2.7,1.36
Lenovo,15.6,4,Windows 7,825.0,1080,1920,2.5,2.32
HP,12.5,8,Windows 10,2014.0,2160,3840,1.2,0.97
Lenovo,15.6,8,Windows 10,1144.5,1080,1920,1.6,2.1
Lenovo,14.0,8,Windows 10,1488.99,1080,1920,2.6,1.7
Dell,12.5,8,Windows 7,1713.37,1080,1920,2.4,1.26
Dell,17.3,32,Windows 10,3147.37,2160,3840,2.8,4.42
Lenovo,14.0,8,No OS,799.0,1080,1920,2.7,1.5
Dell,15.6,16,Windows 10,2397.0,2160,3840,2.8,2.06
Lenovo,15.6,8,Windows 10,1299.0,1080,1920,2.8,2.0
Toshiba,15.6,4,Windows 10,602.0,768,1366,2.3,2.1
HP,15.6,8,Windows 10,1900.0,1080,1920,2.4,1.84
Toshiba,13.3,4,Windows 7,1195.0,1080,1920,2.3,1.2
HP,13.3,8,Windows 10,959.0,1080,1920,1.6,1.49
Lenovo,15.6,8,Windows 10,669.0,1080,1920,2.5,2.2
Lenovo,17.3,8,No OS,849.0,1080,1920,1.8,2.8
Dell,15.6,8,Windows 10,1829.0,1080,1920,2.8,2.0
Dell,15.6,8,Linux,805.99,768,1366,2.7,2.3
Lenovo,15.6,4,Windows 10,306.0,768,1366,1.1,2.2
Lenovo,15.6,8,No OS,629.0,1080,1920,2.5,2.2
Acer,15.6,8,Windows 10,742.0,1080,1920,2.7,2.23
Dell,15.6,16,Windows 10,2774.63,1080,1920,2.8,3.21
HP,15.6,8,Windows 10,559.0,768,1366,2.5,2.04
Lenovo,14.0,2,Windows 10,229.0,768,1366,1.6,1.5
Dell,13.3,8,Windows 10,1477.0,1800,3200,2.7,1.29
Asus,13.3,16,Windows 10,1748.9,1080,1920,2.7,1.1
Asus,15.6,8,Windows 10,787.0,1080,1920,2.7,2.3
Dell,13.3,16,Windows 10,1279.0,1080,1920,1.8,1.62
HP,17.0,8,Windows 10,520.9,900,1600,3.0,2.6
Apple,13.3,8,macOS,898.94,900,1440,1.8,1.34
Lenovo,13.3,8,Windows 10,1399.0,1080,1920,2.5,1.37
Toshiba,13.3,16,Windows 10,1877.0,1080,1920,2.5,1.36
Asus,15.6,16,Windows 10,1600.0,1080,1920,2.8,2.5
Dell,14.0,8,Windows 10,1775.0,1080,1920,2.8,1.36
HP,15.6,8,Windows 7,1579.0,1080,1920,2.3,1.88
Lenovo,15.6,8,No OS,709.0,1080,1920,2.7,2.2
Dell,15.6,4,Windows 10,749.0,1080,1920,1.6,2.2
HP,17.3,8,Windows 7,3949.4,1080,1920,2.6,3.0
HP,15.6,6,Windows 10,539.0,1080,1920,2.0,2.04
Samsung,12.3,4,Chrome OS,659.0,1600,2400,2.0,1.15
Lenovo,13.3,4,Chrome OS,459.9,768,1366,1.6,1.45
Toshiba,13.3,8,Windows 10,1213.0,1080,1920,2.3,1.2
HP,17.3,6,Windows 10,655.01,1080,1920,2.5,2.71
Dell,17.3,32,Windows 10,2800.0,1080,1920,2.6,4.42
Lenovo,15.6,4,No OS,468.0,1080,1920,2.5,2.2
Lenovo,15.6,4,Windows 10,829.0,1080,1920,1.6,1.8
Lenovo,14.0,4,Windows 10,638.0,1080,1920,2.5,1.8
Dell,15.6,16,Windows 10,1285.0,1080,1920,1.8,2.0
Lenovo,14.0,8,Windows 10,2330.0,1440,2560,2.5,1.42
Lenovo,14.0,4,Windows 10,274.0,768,1366,1.6,1.43
HP,14.0,4,Windows 10,1590.0,1080,1920,2.5,1.48
Mediacom,13.3,4,Windows 10,255.0,1080,1920,1.44,1.35
Asus,15.6,4,Windows 10,419.0,768,1366,1.1,1.86
Lenovo,17.3,32,Windows 10,2663.0,1080,1920,2.7,4.6
Asus,15.6,16,Windows 10,1339.0,1080,1920,2.6,2.59
Dell,17.3,8,Linux,889.0,1080,1920,1.6,2.8
MSI,15.6,16,Windows 10,1819.0,1080,1920,2.6,2.94
Dell,13.3,8,Windows 10,1399.0,1800,3200,1.8,1.2
Dell,14.0,8,Windows 10,1126.71,768,1366,2.5,1.6
Dell,15.6,8,Windows 10,889.0,1080,1920,2.5,2.36
Lenovo,15.6,4,Windows 10,565.0,768,1366,2.0,2.3
Acer,13.3,8,Windows 10,847.0,1080,1920,1.6,1.5
Dell,15.6,4,Windows 10,795.99,1080,1920,2.3,2.08
Lenovo,17.3,8,Windows 10,2999.0,1080,1920,2.8,3.4
Toshiba,14.0,8,Windows 10,1535.0,1080,1920,2.5,1.25
Lenovo,15.6,8,No OS,1017.0,1080,1920,2.5,2.5
HP,13.3,16,Windows 10,1399.0,1800,3200,2.7,1.42
Dell,15.6,8,Windows 7,1062.95,1080,1920,2.4,2.09
Dell,15.6,6,Windows 10,439.0,768,1366,2.4,2.3
Acer,15.6,12,Windows 10,693.99,768,1366,1.6,2.2
Apple,12.0,8,Mac OS X,1165.0,1440,2304,1.2,0.92
Lenovo,15.6,4,Windows 10,1055.0,768,1366,2.5,2.38
Lenovo,14.0,8,Windows 10,938.0,1080,1920,2.5,1.9
Asus,17.3,4,Windows 10,470.34,768,1366,1.1,2.8
HP,15.6,12,Windows 10,1327.0,1080,1920,2.8,2.21
Dell,13.3,8,Windows 10,1624.0,1800,3200,2.5,1.29
Lenovo,14.0,16,Windows 10,2450.0,1080,1920,2.7,1.14
Dell,15.6,4,Linux,443.9,768,1366,2.0,2.18
Toshiba,13.3,8,Windows 10,1535.0,1080,1920,2.4,1.2
Lenovo,15.6,4,No OS,489.9,768,1366,2.5,1.9
HP,17.3,4,Windows 10,699.0,1080,1920,2.0,2.5
Asus,15.6,6,Windows 10,577.0,1080,1920,2.4,2.0
Dell,11.6,4,Windows 10,744.0,768,1366,1.1,1.63
Toshiba,13.3,16,Windows 10,1747.0,1080,1920,2.5,1.2
Lenovo,13.9,8,Windows 10,1599.0,1080,1920,1.6,1.4
HP,15.6,4,Windows 10,1199.0,768,1366,2.3,2.31
HP,15.6,4,No OS,499.0,768,1366,2.5,1.96
HP,14.0,4,Windows 10,1149.0,768,1366,2.3,1.95
Asus,15.6,8,Windows 10,581.9,1080,1920,1.1,2.0
Dell,15.6,16,Windows 10,1845.0,2160,3840,2.8,2.65
HP,15.6,8,Windows 10,598.0,768,1366,2.7,2.05
HP,15.6,8,Windows 10,979.0,1080,1920,2.7,1.91
Asus,15.6,4,Linux,389.0,1080,1920,2.0,2.0
Lenovo,17.3,16,Windows 7,2968.0,2160,3840,2.7,2.4
Asus,15.6,4,Windows 10,398.99,768,1366,2.4,2.37
Asus,14.0,4,Windows 10,286.0,768,1366,1.1,1.5
Lenovo,15.6,16,Windows 10,1179.0,1080,1920,2.8,2.5
Dell,15.6,8,Windows 10,539.95,768,1366,2.5,2.14
Asus,17.3,16,Windows 10,1591.0,1080,1920,2.8,3.0
Dell,11.6,4,Windows 10,603.0,768,1366,1.0,1.39
HP,15.6,8,Windows 10,899.0,1080,1920,2.8,2.62
HP,15.6,8,Windows 7,1495.0,1080,1920,2.5,1.9
Razer,14.0,16,Windows 10,2599.0,1080,1920,2.8,1.95
Lenovo,15.6,8,No OS,599.0,1080,1920,2.3,2.32
Lenovo,15.6,8,Windows 10,1399.0,1080,1920,2.8,3.2
HP,15.6,8,Windows 10,690.0,1080,1920,2.5,1.86
Apple,12.0,8,macOS,1262.4,1440,2304,1.2,0.92
Lenovo,14.0,8,Windows 10,1637.0,1440,2560,2.3,1.36
MSI,15.6,16,Windows 10,1929.0,1080,1920,2.6,1.8
Asus,15.6,8,Windows 10,1350.0,1080,1920,2.8,1.99
Acer,15.6,8,Linux,846.0,1080,1920,2.8,2.4
Lenovo,15.6,8,No OS,779.0,1080,1920,2.5,2.4
Asus,13.3,8,Windows 10,1129.0,1800,3200,2.5,1.2
Lenovo,17.3,8,No OS,589.0,900,1600,2.5,2.8
Vero,14.0,4,Windows 10,202.9,1080,1920,1.1,1.22
Lenovo,15.6,4,Windows 10,977.0,1080,1920,2.3,2.3
Dell,15.6,4,Windows 10,912.5,1080,1920,2.5,2.18
HP,15.6,8,Windows 10,1144.0,1080,1920,2.5,1.84
HP,17.3,8,Windows 10,1200.0,1080,1920,2.7,2.63
Lenovo,15.6,8,Windows 10,1299.0,1080,1920,2.8,3.2
HP,15.6,4,Windows 10,769.99,768,1366,2.4,2.04
Dell,11.6,4,Windows 10,479.0,768,1366,1.6,1.47
Lenovo,14.0,8,Windows 10,1859.0,1080,1920,2.7,1.32
Lenovo,15.6,8,Windows 10,880.0,1080,1920,1.8,2.05
Asus,13.3,8,Windows 10,1150.0,1800,3200,2.5,1.4
Lenovo,15.6,4,Windows 10,493.0,768,1366,2.3,2.1
Acer,17.3,4,Windows 10,805.0,1080,1920,1.6,3.0
HP,15.6,4,Windows 10,489.0,1080,1920,3.0,2.1
Asus,17.3,16,Windows 10,1529.0,1080,1920,2.8,2.9
Lenovo,15.6,8,Windows 10,429.0,768,1366,3.6,2.2
HP,17.3,8,Windows 10,1129.0,1080,1920,2.3,3.35
Dell,13.3,8,Windows 10,1599.0,2160,3840,1.6,1.21
Toshiba,13.3,8,Windows 10,1590.0,1080,1920,2.3,1.2
HP,12.5,4,Windows 10,1559.0,768,1366,2.5,1.26
Lenovo,15.6,16,Windows 10,1199.0,1080,1920,2.8,2.4
Lenovo,15.6,16,No OS,1398.0,1080,1920,2.8,2.4
Apple,13.3,8,Mac OS X,998.0,900,1440,1.6,1.35
Asus,15.6,12,Windows 10,839.0,1080,1920,2.7,2.3
HP,13.3,8,Windows 10,1323.0,1080,1920,2.7,1.34
Asus,15.6,4,Windows 10,720.32,768,1366,2.5,2.2
Acer,15.6,8,Windows 10,689.0,1080,1920,1.8,2.2
HP,15.6,8,Windows 10,900.0,1080,1920,2.7,2.04
Asus,15.6,8,Windows 10,839.0,1080,1920,2.5,2.5
Lenovo,15.6,16,Windows 7,2370.0,2160,3840,2.7,2.5
Asus,17.3,8,Windows 10,1145.0,1080,1920,1.8,2.1
Dell,15.6,4,Windows 10,498.9,1080,1920,2.0,2.2
Dell,15.6,8,Windows 10,844.0,1080,1920,1.6,2.33
HP,15.6,8,Windows 10,1219.0,1080,1920,2.7,1.84
Dell,15.6,8,Windows 10,1369.0,1080,1920,2.6,2.23
Acer,15.6,4,Windows 10,363.51,768,1366,1.1,2.1
Asus,17.3,16,Windows 10,1799.0,1080,1920,2.6,2.73
Asus,11.6,2,Windows 10,191.9,768,1366,1.44,0.98
Acer,14.0,8,Windows 10,919.0,1080,1920,2.5,1.8
Dell,15.6,8,Windows 10,2250.68,2160,3840,2.3,2.04
Lenovo,14.0,16,Windows 10,2099.0,1440,2560,2.6,1.1
HP,13.3,16,Windows 10,1965.0,1800,3200,1.2,1.16
Asus,15.6,4,Windows 10,720.32,768,1366,2.5,2.2
HP,15.6,4,Windows 10,612.61,768,1366,2.5,1.86
HP,11.6,4,Windows 10,775.0,768,1366,1.1,1.45
Dell,17.3,8,Windows 10,1085.0,1080,1920,1.8,2.8
HP,15.6,8,Windows 10,979.0,1080,1920,2.7,2.04
HP,15.6,4,Windows 10,689.0,1080,1920,2.7,2.1
Dell,13.3,8,Windows 10,899.0,1080,1920,2.5,1.29
Lenovo,10.1,4,Windows 10,646.27,1200,1920,1.44,0.69
Asus,15.6,12,Windows 10,1299.0,2160,3840,2.6,2.06
Asus,15.6,4,Windows 10,449.0,768,1366,1.1,2.0
HP,15.6,8,Windows 10,539.0,1080,1920,2.0,1.86
Asus,15.6,4,Windows 10,469.0,768,1366,3.0,1.68
Lenovo,15.6,8,Windows 10,999.0,1080,1920,2.5,2.5
HP,17.3,8,Windows 10,639.9,900,1600,2.0,2.5
HP,15.6,6,Windows 10,799.0,1080,1920,2.6,2.18
Dell,17.3,8,Linux,1099.0,1080,1920,1.8,2.8
Dell,17.3,16,Windows 10,3154.0,2160,3840,2.8,4.36
Acer,11.6,2,Chrome OS,174.0,768,1366,1.5,1.3
Lenovo,14.0,8,Windows 10,2282.0,1440,2560,2.7,1.13
HP,12.5,8,Windows 10,1389.0,768,1366,2.6,1.26
Lenovo,13.9,16,Windows 10,2099.0,2160,3840,1.8,1.4
Acer,15.6,4,Linux,298.0,768,1366,1.1,2.1
Dell,15.6,8,Windows 10,638.99,768,1366,2.5,2.36
Lenovo,15.6,4,No OS,479.0,1080,1920,2.0,2.2
Dell,15.6,4,Linux,523.63,768,1366,2.3,2.09
HP,15.6,8,Windows 10,598.99,1080,1920,2.5,1.96
MSI,17.3,8,Windows 10,1199.0,1080,1920,2.8,2.7
MSI,15.6,8,Windows 10,1169.0,1080,1920,2.6,2.3
Acer,15.6,4,Windows 10,469.0,768,1366,2.0,2.2
MSI,15.6,16,Windows 10,2241.5,1080,1920,2.8,1.8
HP,14.0,4,Windows 10,1000.0,1080,1920,2.3,1.54
Acer,15.6,8,Windows 10,799.0,1080,1920,2.5,2.4
HP,15.6,8,Windows 10,629.0,768,1366,2.7,2.04
HP,15.6,6,Windows 10,549.99,1080,1920,2.9,2.04
Lenovo,15.6,8,Windows 10,850.66,1080,1920,2.5,2.3
Lenovo,10.1,4,Windows 10,479.0,1200,1920,1.44,0.69
